row.names,sbp,tobacco,ldl,adiposity,famhist,typea,obesity,alcohol,age,chd
457,128,2.24,2.83,26.48,Absent,48,23.96,47.42,27,1
124,138,4.5,2.85,30.11,Absent,55,24.78,24.89,56,1
78,140,0.6,5.56,33.39,Present,58,27.19,0.0,55,1
432,118,0.0,3.89,15.96,Absent,65,20.18,0.0,16,0
342,118,1.62,9.01,21.7,Absent,59,25.89,21.19,40,0
400,126,8.75,6.06,32.72,Present,33,27.0,62.43,55,1
6,132,6.2,6.47,36.21,Present,62,30.77,14.14,45,0
429,146,1.16,2.28,34.53,Absent,50,28.71,45.0,49,0
132,132,2.0,3.08,35.39,Absent,45,31.44,79.82,58,1
156,138,8.8,3.12,22.41,Present,63,23.33,120.03,55,1
438,138,0.0,1.86,18.35,Present,59,25.38,6.51,17,0
325,140,8.6,3.9,32.16,Present,52,28.51,11.11,64,1
283,146,3.6,3.51,22.67,Absent,51,22.29,43.71,42,0
366,156,3.02,5.35,25.72,Present,53,25.22,28.11,52,1
79,168,4.5,6.68,28.47,Absent,43,24.25,24.38,56,1
30,146,0.0,6.62,25.69,Absent,60,28.07,8.23,63,1
119,150,3.5,6.99,25.39,Present,50,23.35,23.48,61,1
83,148,4.8,6.09,36.55,Present,63,25.44,0.88,55,1
5,134,13.6,3.5,27.78,Present,60,25.99,57.34,49,1
187,150,20.0,6.4,35.04,Absent,53,28.88,8.33,63,0
206,152,3.0,4.64,31.29,Absent,41,29.34,4.53,40,0
430,132,7.2,3.65,17.16,Present,56,23.25,0.0,34,0
145,109,1.2,6.14,29.26,Absent,47,24.72,10.46,40,0
40,136,11.2,5.81,31.85,Present,75,27.68,22.94,58,1
318,124,0.0,2.28,24.86,Present,50,22.24,8.26,38,0
408,180,25.01,3.7,38.11,Present,57,30.54,0.0,61,1
354,176,1.2,8.28,36.16,Present,42,27.81,11.6,58,1
154,108,0.0,2.74,11.17,Absent,53,22.61,0.95,20,0
292,112,0.0,1.71,15.96,Absent,42,22.03,3.5,16,0
2,144,0.01,4.41,28.61,Absent,55,28.87,2.06,63,1
84,148,12.2,3.79,34.15,Absent,57,26.38,14.4,57,1
329,128,0.0,2.98,12.59,Absent,65,20.74,2.06,19,0
134,142,7.44,5.52,33.97,Absent,47,29.29,24.27,54,0
453,120,0.0,2.77,13.35,Absent,67,23.37,1.03,18,0
379,118,1.25,4.69,31.58,Present,52,27.16,4.11,53,0
73,130,5.6,3.37,24.8,Absent,58,25.76,43.2,36,0
267,118,0.12,1.96,20.31,Absent,37,20.01,2.42,18,0
81,114,3.0,7.04,22.64,Present,55,22.59,0.0,45,1
418,158,16.0,5.56,29.35,Absent,36,25.92,58.32,60,0
362,132,12.3,5.96,32.79,Present,57,30.12,21.5,62,1
159,122,0.0,3.05,23.51,Absent,46,25.81,0.0,38,0
136,122,4.18,9.05,29.27,Present,44,24.05,19.34,52,1
54,134,8.08,1.55,17.5,Present,56,22.65,66.65,31,1
352,120,10.5,2.7,29.87,Present,54,24.5,16.46,49,0
462,118,5.4,11.61,30.79,Absent,64,27.35,23.97,40,0
463,132,0.0,4.82,33.41,Present,62,14.7,0.0,46,1
20,124,14.0,6.23,35.96,Present,45,30.09,0.0,59,1
427,132,0.0,3.3,21.61,Absent,42,24.92,32.61,33,0
29,144,4.09,5.55,31.4,Present,60,29.43,5.55,56,0
397,142,0.0,3.54,16.64,Absent,58,25.97,8.36,27,0
420,132,2.8,4.79,20.47,Present,50,22.15,11.73,48,0
260,154,1.8,7.13,34.04,Present,52,35.51,39.36,44,0
371,148,0.5,5.97,32.88,Absent,54,29.27,6.43,42,0
348,154,4.5,4.75,23.52,Present,43,25.76,0.0,53,1
9,114,0.0,3.83,19.4,Present,49,24.86,2.49,29,0
257,146,5.08,7.03,27.41,Present,63,36.46,24.48,37,1
1,160,12.0,5.73,23.11,Present,49,25.3,97.2,52,1
3,118,0.08,3.48,32.28,Present,52,29.14,3.81,46,0
338,130,7.28,3.56,23.29,Present,20,26.8,51.87,58,1
273,136,2.2,4.16,38.02,Absent,65,37.24,4.11,41,1
375,128,5.16,4.9,31.35,Present,57,26.42,0.0,64,0
46,128,4.65,3.31,22.74,Absent,62,22.95,0.51,48,0
137,116,2.7,3.69,13.52,Absent,55,21.13,18.51,32,0
114,174,0.0,8.46,35.1,Present,35,25.27,0.0,61,1
334,134,6.4,8.49,37.25,Present,56,28.94,10.49,51,1
177,132,2.0,2.7,21.57,Present,50,27.95,9.26,37,0
281,118,0.12,3.26,12.26,Absent,55,22.65,0.0,16,0
133,134,1.5,3.73,21.53,Absent,41,24.7,11.11,30,1
111,114,0.0,8.01,21.64,Absent,66,25.51,2.49,16,0
55,156,3.0,1.82,27.55,Absent,60,23.91,54.0,53,0
458,170,0.4,4.11,42.06,Present,56,33.1,2.06,57,0
238,176,5.76,4.89,26.1,Present,46,27.3,19.44,57,0
37,140,3.9,7.32,25.05,Absent,47,27.36,36.77,32,0
47,162,7.4,8.55,24.65,Present,64,25.71,5.86,58,1
157,127,0.0,2.81,15.7,Absent,42,22.03,1.03,17,0
176,122,4.0,5.24,27.89,Present,45,26.52,0.0,61,1
440,130,1.22,3.3,13.65,Absent,50,21.4,3.81,31,0
153,122,0.28,4.19,19.97,Absent,61,25.63,0.0,24,0
209,136,5.8,5.9,27.55,Absent,65,25.71,14.4,59,0
186,122,4.4,3.18,11.59,Present,59,21.94,0.0,33,1
284,206,0.0,4.17,33.23,Absent,69,27.36,6.17,50,1
388,144,0.0,4.17,29.63,Present,52,21.83,0.0,59,0
422,120,5.5,3.51,23.23,Absent,46,22.4,90.31,43,0
224,136,7.5,7.39,28.04,Present,50,25.01,0.0,45,1
86,130,0.56,3.3,30.86,Absent,49,27.52,33.33,45,0
275,154,4.2,5.59,25.02,Absent,58,25.02,1.54,43,0
100,164,12.0,3.91,19.59,Absent,51,23.44,19.75,39,0
315,174,0.0,3.27,35.4,Absent,58,37.71,24.95,44,0
454,154,5.53,3.2,28.81,Present,61,26.15,42.79,42,0
116,128,0.0,10.58,31.81,Present,46,28.41,14.66,48,0
412,178,20.0,9.78,33.55,Absent,37,27.29,2.88,62,1
389,148,4.5,10.49,33.27,Absent,50,25.92,2.06,53,1
28,145,9.1,5.24,27.55,Absent,59,20.96,21.6,61,1
444,166,6.0,8.8,37.89,Absent,39,28.7,43.2,52,0
77,134,0.0,5.9,30.84,Absent,49,29.16,0.0,55,0
274,136,1.36,3.16,14.97,Present,56,24.98,7.3,24,0
239,122,0.0,5.49,19.56,Absent,57,23.12,14.02,27,0
365,166,0.6,2.42,34.03,Present,53,26.96,54.0,60,0
433,108,0.0,1.43,26.26,Absent,42,19.38,0.0,16,0
414,164,8.2,14.16,36.85,Absent,52,28.5,17.02,55,1
294,150,0.18,4.14,14.4,Absent,53,23.43,7.71,44,0
387,160,4.2,6.76,37.99,Present,61,32.91,3.09,54,1
171,194,2.55,6.89,33.88,Present,69,29.33,0.0,41,0
167,110,12.16,4.99,28.56,Absent,44,27.14,21.6,55,1
259,138,12.0,5.13,28.34,Absent,59,24.49,32.81,58,1
126,123,8.6,11.17,35.28,Present,70,33.14,0.0,59,1
456,146,0.64,4.82,28.02,Absent,60,28.11,8.23,39,1
175,128,0.0,2.51,29.35,Present,53,22.05,1.37,62,0
7,142,4.05,3.38,16.2,Absent,59,20.81,2.62,38,0
22,132,7.9,2.85,26.5,Present,51,26.16,25.71,44,0
344,162,6.3,5.73,22.61,Present,46,20.43,62.54,53,1
143,128,2.8,5.53,14.29,Absent,64,24.97,0.51,38,0
61,142,0.28,1.8,21.03,Absent,57,23.65,2.93,33,0
242,128,6.0,4.37,22.98,Present,50,26.01,0.0,47,0
368,150,0.0,4.99,27.73,Absent,57,30.92,8.33,24,0
289,134,0.02,2.8,18.84,Absent,45,24.82,0.0,17,0
200,148,0.0,4.66,24.39,Absent,50,25.26,4.03,27,0
228,134,10.0,3.79,34.72,Absent,42,28.33,28.8,52,1
34,126,8.75,6.53,34.02,Absent,49,30.25,0.0,41,1
91,116,1.03,2.83,10.85,Absent,45,21.59,1.75,21,0
122,120,1.4,6.25,20.47,Absent,60,25.85,8.51,28,0
90,122,0.72,4.04,32.38,Absent,34,28.34,0.0,55,0
434,136,0.0,4.0,19.06,Absent,40,21.94,2.06,16,0
164,148,0.0,3.84,17.26,Absent,70,20.0,0.0,21,0
92,120,3.7,4.02,39.66,Absent,61,30.57,0.0,64,1
215,134,0.0,2.4,21.11,Absent,57,22.45,1.37,18,0
27,118,6.0,9.65,33.91,Absent,60,38.8,0.0,48,0
295,170,2.6,7.22,28.69,Present,71,27.87,37.65,56,1
313,114,9.6,2.51,29.18,Absent,49,25.67,40.63,46,0
317,154,1.4,1.72,18.86,Absent,58,22.67,43.2,59,0
165,122,0.0,3.08,16.3,Absent,43,22.13,0.0,16,0
68,112,0.41,1.88,10.29,Absent,39,22.08,20.98,27,0
231,110,2.35,3.36,26.72,Present,54,26.08,109.8,58,1
85,128,0.0,2.43,13.15,Present,63,20.75,0.0,17,0
168,160,1.52,8.12,29.3,Present,54,25.87,12.86,43,1
163,138,0.0,2.68,17.04,Absent,42,22.16,0.0,16,0
403,132,0.0,4.17,36.57,Absent,57,30.61,18.0,49,0
279,124,4.25,8.22,30.77,Absent,56,25.8,0.0,43,0
241,140,5.2,3.58,29.26,Absent,70,27.29,20.17,45,1
250,124,6.0,5.21,33.02,Present,64,29.37,7.61,58,1
19,158,2.6,7.46,34.07,Present,61,29.3,53.28,62,1
322,154,0.0,4.81,28.11,Present,56,25.67,75.77,59,0
240,124,0.0,3.23,9.64,Absent,59,22.7,0.0,16,0
305,128,0.0,8.41,28.82,Present,60,26.86,0.0,59,1
244,144,0.76,10.53,35.66,Absent,63,34.35,0.0,55,1
399,218,11.2,2.77,30.79,Absent,38,24.86,90.93,48,1
161,126,1.8,6.22,19.71,Absent,65,24.81,0.69,31,0
44,130,2.61,2.72,22.99,Present,51,26.29,13.37,51,1
349,128,5.4,2.36,12.98,Absent,51,18.36,6.69,61,0
51,122,0.0,5.75,30.9,Present,46,29.01,4.11,42,0
417,134,1.1,3.54,20.41,Present,58,24.54,39.91,39,1
449,130,0.0,1.88,12.51,Present,52,20.28,0.0,17,0
401,126,0.0,3.57,26.01,Absent,61,26.3,7.97,47,0
280,114,0.0,2.63,9.69,Absent,45,17.89,0.0,16,0
210,136,8.8,4.26,32.03,Present,52,31.44,34.35,60,0
141,160,14.0,5.9,37.12,Absent,58,33.87,3.52,54,1
324,166,6.0,3.02,29.3,Absent,35,24.38,38.06,61,0
149,136,1.5,6.06,26.54,Absent,54,29.38,14.5,33,1
70,122,0.0,3.37,16.1,Absent,67,21.06,0.0,32,1
402,134,6.1,4.77,26.08,Absent,47,23.82,1.03,49,0
234,122,0.0,3.76,24.59,Absent,56,24.36,0.0,30,0
72,130,1.72,2.66,10.38,Absent,68,17.81,11.1,26,0
42,144,0.04,3.38,23.61,Absent,30,23.75,4.66,30,0
312,174,3.5,5.26,21.97,Present,36,22.04,8.33,59,1
425,176,6.0,3.98,17.2,Present,52,21.07,4.11,61,1
115,116,31.2,3.17,14.99,Absent,47,19.4,49.06,59,1
18,146,10.5,8.29,35.36,Present,78,32.73,13.89,53,1
396,134,12.5,2.73,39.35,Absent,48,35.58,0.0,48,0
195,138,0.05,2.79,10.35,Absent,46,21.62,0.0,18,0
63,152,10.1,4.71,24.65,Present,65,26.21,24.53,57,0
374,128,1.6,5.41,29.3,Absent,68,29.38,23.97,32,0
443,120,0.0,3.98,13.19,Present,47,21.89,0.0,16,0
65,130,0.0,1.82,10.45,Absent,57,22.07,2.06,17,0
253,166,3.0,3.82,26.75,Absent,45,20.86,0.0,63,1
308,150,14.4,5.04,26.52,Present,60,28.84,0.0,45,0
170,162,5.3,7.95,33.58,Present,58,36.06,8.23,48,0
131,158,13.5,5.04,30.79,Absent,54,24.79,21.5,62,0
373,132,6.0,5.97,25.73,Present,66,24.18,145.29,41,0
285,134,3.0,3.17,17.91,Absent,35,26.37,15.12,27,0
323,146,4.36,4.31,18.44,Present,47,24.72,10.8,38,0
21,106,1.61,1.74,12.32,Absent,74,20.92,13.37,20,1
256,164,13.02,6.26,29.38,Present,47,22.75,37.03,54,1
377,126,0.0,5.29,27.64,Absent,25,27.62,2.06,45,0
299,136,0.0,2.28,18.14,Absent,55,22.59,0.0,17,0
235,138,0.0,3.24,27.68,Absent,60,25.7,88.66,29,0
192,128,0.7,4.9,37.42,Present,72,35.94,3.09,49,1
11,206,6.0,2.95,32.27,Absent,72,26.81,56.06,60,1
214,132,0.0,0.98,21.39,Absent,62,26.75,0.0,53,0
339,138,6.0,7.24,37.05,Absent,38,28.69,0.0,59,0
302,138,0.0,3.96,24.7,Present,53,23.8,0.0,45,0
49,114,0.0,1.94,11.02,Absent,54,20.17,38.98,16,0
383,140,8.0,4.42,33.15,Present,47,32.77,66.86,44,0
223,144,2.4,8.13,35.61,Absent,46,27.38,13.37,60,0
160,144,6.75,5.45,29.81,Absent,53,25.62,26.23,43,1
255,161,9.0,4.65,15.16,Present,58,23.76,43.2,46,0
405,208,5.04,5.19,20.71,Present,52,25.12,24.27,58,1
407,116,2.38,5.67,29.01,Present,54,27.26,15.77,51,0
251,158,6.17,8.12,30.75,Absent,46,27.84,92.62,48,0
64,140,0.45,4.3,24.33,Absent,41,27.23,10.08,38,0
297,142,0.0,4.19,18.04,Absent,56,23.65,20.78,42,1
193,102,0.4,3.41,17.22,Present,56,23.59,2.06,39,1
409,200,19.2,4.43,40.6,Present,55,32.04,36.0,60,1
25,142,18.2,4.34,24.38,Absent,61,26.19,0.0,50,0
343,116,4.28,7.02,19.99,Present,68,23.31,0.0,52,1
179,128,0.04,8.22,28.17,Absent,65,26.24,11.73,24,0
172,118,0.75,2.58,20.25,Absent,59,24.46,0.0,32,0
99,122,3.2,11.32,35.36,Present,55,27.07,0.0,51,1
105,118,1.5,5.38,25.84,Absent,64,28.63,3.89,29,0
151,148,6.0,6.49,26.47,Absent,48,24.7,0.0,55,0
39,130,0.0,2.82,19.63,Present,70,24.86,0.0,29,0
123,120,0.0,5.01,26.13,Absent,64,26.21,12.24,33,0
376,140,0.0,2.4,27.89,Present,70,30.74,144.0,29,0
201,124,0.16,2.44,16.67,Absent,65,24.58,74.91,23,0
144,130,4.5,5.86,37.43,Absent,61,31.21,32.3,58,0
424,150,13.8,5.1,29.45,Present,52,27.92,77.76,55,1
455,124,1.6,7.22,39.68,Present,36,31.5,0.0,51,1
390,146,0.0,4.92,18.53,Absent,57,24.2,34.97,26,0
247,136,0.4,3.91,21.1,Present,63,22.3,0.0,56,1
103,118,0.0,4.34,30.12,Present,52,32.18,3.91,46,0
369,134,0.12,3.4,21.18,Present,33,26.27,14.21,30,0
66,136,7.36,2.19,28.11,Present,61,25.0,61.71,54,0
350,130,0.08,5.59,25.42,Present,50,24.98,6.27,43,1
178,120,0.0,2.42,16.66,Absent,46,20.16,0.0,17,0
431,120,0.0,3.57,23.22,Absent,58,27.2,0.0,32,0
15,112,9.65,2.29,17.2,Present,54,23.53,0.68,53,0
202,136,3.15,4.37,20.22,Present,59,25.12,47.16,31,1
152,128,6.6,3.58,20.71,Absent,55,24.15,0.0,52,0
410,112,4.2,3.58,27.14,Absent,52,26.83,2.06,40,0
321,142,3.72,4.24,32.57,Absent,52,24.98,7.61,51,0
97,138,2.16,4.9,24.83,Present,39,26.06,28.29,29,0
314,162,1.5,2.46,19.39,Present,49,24.32,0.0,59,1
435,120,0.0,2.46,13.39,Absent,47,22.01,0.51,18,0
336,146,1.35,6.39,34.21,Absent,51,26.43,0.0,59,1
385,128,2.6,4.94,21.36,Absent,61,21.3,0.0,31,0
269,134,12.0,4.96,29.79,Absent,53,24.86,8.23,57,0
125,153,7.8,3.96,25.73,Absent,54,25.91,27.03,45,0
421,126,0.0,4.55,29.18,Absent,48,24.94,36.0,41,0
88,140,0.0,5.08,27.33,Present,41,27.83,1.25,38,0
415,216,0.92,2.66,19.85,Present,49,20.58,0.51,63,1
351,162,5.6,4.24,22.53,Absent,29,22.91,5.66,60,0
146,144,0.0,3.84,18.72,Absent,56,22.1,4.8,40,0
16,117,1.53,2.44,28.95,Present,35,25.89,30.03,46,0
386,126,19.6,6.03,34.99,Absent,49,26.99,55.89,44,0
199,160,3.0,9.19,26.47,Present,39,28.25,14.4,54,1
87,126,10.5,4.49,17.33,Absent,67,19.37,0.0,49,1
104,128,0.42,4.6,26.68,Absent,41,30.97,10.33,31,0
203,134,2.75,5.51,26.17,Absent,57,29.87,8.33,33,0
52,134,2.5,3.66,30.9,Absent,52,27.19,23.66,49,0
185,116,8.0,6.73,28.81,Present,41,26.74,40.94,48,1
216,160,7.77,8.07,34.8,Absent,64,31.15,0.0,62,1
189,134,4.8,6.58,29.89,Present,55,24.73,23.66,63,0
112,168,9.0,8.53,24.48,Present,69,26.18,4.63,54,1
169,126,0.54,4.39,21.13,Present,45,25.99,0.0,25,0
162,208,27.4,3.12,26.63,Absent,66,27.45,33.07,62,1
75,128,0.4,6.17,26.35,Absent,64,27.86,11.11,34,0
310,142,2.4,2.55,23.89,Absent,54,26.09,59.14,37,0
33,122,6.6,5.58,35.95,Present,53,28.07,12.55,59,1
56,152,5.99,7.99,32.48,Absent,45,26.57,100.32,48,0
416,146,6.4,5.62,33.05,Present,57,31.03,0.74,46,0
183,170,4.2,4.67,35.45,Present,50,27.14,7.92,60,1
89,126,0.9,5.64,17.78,Present,55,21.94,0.0,41,0
353,136,3.99,2.58,16.38,Present,53,22.41,27.67,36,0
268,118,0.12,4.16,9.37,Absent,57,19.61,0.0,17,0
306,136,1.2,2.78,7.12,Absent,52,22.51,3.41,27,0
139,120,0.0,3.68,12.24,Absent,51,20.52,0.51,20,0
8,114,4.08,4.59,14.6,Present,62,23.11,6.72,58,1
333,126,3.1,2.01,32.97,Present,56,28.63,26.74,45,0
378,114,3.6,4.16,22.58,Absent,60,24.49,65.31,31,0
113,134,2.0,3.66,14.69,Absent,52,21.03,2.06,37,0
188,129,2.15,5.17,27.57,Absent,52,25.42,2.06,39,0
309,132,8.4,3.57,13.68,Absent,42,18.75,15.43,59,1
384,140,1.68,11.41,29.54,Present,74,30.75,2.06,38,1
393,154,2.4,5.63,42.17,Present,59,35.07,12.86,50,1
45,114,0.0,2.99,9.74,Absent,54,46.58,0.0,17,0
357,134,0.9,3.18,23.66,Present,52,23.26,27.36,58,1
150,124,15.5,5.05,24.06,Absent,46,23.22,0.0,61,1
225,132,7.28,3.52,12.33,Absent,60,19.48,2.06,56,0
261,118,0.0,2.39,12.13,Absent,49,18.46,0.26,17,1
392,130,0.54,3.63,22.03,Present,69,24.34,12.86,39,1
364,140,4.2,2.91,28.83,Present,43,24.7,47.52,48,0
57,118,0.0,2.99,16.17,Absent,49,23.83,3.22,28,0
451,144,4.0,5.03,25.78,Present,57,27.55,90.0,48,1
307,128,0.0,3.22,26.55,Present,39,26.59,16.71,49,0
207,162,0.0,5.09,24.6,Present,64,26.71,3.81,18,0
135,134,6.0,3.3,28.45,Absent,65,26.09,58.11,40,0
38,110,4.64,4.55,30.46,Absent,48,30.9,15.22,46,0
221,138,0.0,3.14,12.0,Absent,54,20.28,0.0,16,0
130,152,12.18,4.04,37.83,Present,63,34.57,4.17,64,0
450,124,1.8,3.74,16.64,Present,42,22.26,10.49,20,0
320,168,11.4,5.08,26.66,Present,56,27.04,2.61,59,1
303,138,2.27,6.41,29.07,Absent,58,30.22,2.93,32,1
198,162,2.92,3.63,31.33,Absent,62,31.59,18.51,42,0
327,156,0.0,3.47,21.1,Absent,73,28.4,0.0,36,1
14,132,0.0,1.87,17.21,Absent,49,23.63,0.97,15,0
370,126,3.4,4.87,15.16,Present,65,22.01,11.11,38,0
266,132,9.9,4.63,27.86,Present,46,23.39,0.51,52,1
319,114,1.2,3.98,14.9,Absent,49,23.79,25.82,26,0
278,174,2.02,6.57,31.9,Present,50,28.75,11.83,64,1
341,124,4.2,2.94,27.59,Absent,50,30.31,85.06,30,0
32,158,1.02,6.33,23.88,Absent,66,22.13,24.99,46,1
127,148,4.04,3.99,20.69,Absent,60,27.78,1.75,28,0
184,156,4.0,2.05,19.48,Present,50,21.48,27.77,39,1
252,128,0.0,6.34,11.87,Absent,57,23.14,0.0,17,0
218,124,0.81,6.16,11.61,Absent,35,21.47,10.49,26,0
355,134,11.79,4.01,26.57,Present,38,21.79,38.88,61,1
117,140,4.5,4.59,18.01,Absent,63,21.91,22.09,32,1
398,162,7.0,7.67,34.34,Present,33,30.77,0.0,62,0
53,152,0.9,9.12,30.23,Absent,56,28.64,0.37,42,1
190,126,0.0,5.98,29.06,Present,56,25.39,11.52,64,1
205,122,3.2,3.59,22.49,Present,45,24.96,36.17,58,0
346,137,1.2,3.14,23.87,Absent,66,24.13,45.0,37,0
43,120,0.0,1.07,16.02,Absent,47,22.15,0.0,15,0
211,134,0.05,8.03,27.95,Absent,48,26.88,0.0,60,0
182,152,0.0,6.06,41.05,Present,51,40.34,0.0,51,0
423,174,0.0,3.86,21.73,Absent,42,23.37,0.0,63,0
41,118,0.28,5.8,33.7,Present,60,30.98,0.0,41,1
98,136,0.0,5.0,27.58,Present,49,27.59,1.47,39,0
148,136,3.46,6.38,32.25,Present,43,28.73,3.13,43,1
213,116,3.0,3.05,30.31,Absent,41,23.63,0.86,44,0
404,178,5.5,3.79,23.92,Present,45,21.26,6.17,62,1
108,170,7.6,5.5,37.83,Present,42,37.41,6.17,54,1
381,154,4.5,4.68,39.97,Absent,61,33.17,1.54,64,1
391,164,5.6,3.17,30.98,Present,44,25.99,43.2,53,1
